sample_id,system,rouge1,rouge2,rougeL,bertscore_f1,semantic_bert_cosine
0,SYS_A,0.09523809523809525,0.0,0.09523809523809525,0.49573785066604614,0.5307450294494629
1,SYS_A,0.13333333333333333,0.0,0.13333333333333333,0.5505459904670715,0.3717963695526123
2,SYS_A,0.25,0.14285714285714288,0.25,0.615532636642456,0.4794637858867645
3,SYS_A,0.4827586206896552,0.2962962962962963,0.4827586206896552,0.7595177888870239,0.800029456615448
4,SYS_A,0.2727272727272727,0.2,0.2727272727272727,0.5901066660881042,0.5455047488212585
5,SYS_A,0.5,0.0,0.25,0.5749683976173401,0.7841023206710815
6,SYS_A,0.3157894736842105,0.11764705882352942,0.3157894736842105,0.5748668313026428,0.5986613035202026
7,SYS_A,0.25,0.0,0.125,0.5512605309486389,0.41439712047576904
8,SYS_A,0.5882352941176471,0.26666666666666666,0.5882352941176471,0.6712419390678406,0.6446582078933716
9,SYS_A,0.4347826086956522,0.2857142857142857,0.4347826086956522,0.6584580540657043,0.8029377460479736
10,SYS_A,0.5454545454545454,0.5,0.5454545454545454,0.5900232791900635,0.7976153492927551
11,SYS_A,0.2727272727272727,0.2,0.2727272727272727,0.5726960897445679,0.661126971244812
12,SYS_A,0.5,0.14285714285714288,0.25,0.553989589214325,0.8630770444869995
13,SYS_A,0.22222222222222224,0.0,0.22222222222222224,0.5906662344932556,0.4464503824710846
14,SYS_A,0.4,0.17391304347826086,0.32,0.6766020655632019,0.8430137634277344
15,SYS_A,0.28571428571428575,0.0,0.14285714285714288,0.6530262231826782,0.2799251973628998
16,SYS_A,0.3636363636363637,0.1,0.3636363636363637,0.6668546199798584,0.7510179877281189
17,SYS_A,0.28571428571428575,0.0,0.14285714285714288,0.47071242332458496,0.6371413469314575
18,SYS_A,0.3157894736842105,0.11764705882352941,0.3157894736842105,0.5188321471214294,0.5456333160400391
19,SYS_A,0.5714285714285715,0.3333333333333333,0.42857142857142855,0.5154860615730286,0.7938252687454224
20,SYS_A,0.3157894736842105,0.23529411764705882,0.3157894736842105,0.6779881119728088,0.6741328239440918
21,SYS_A,0.3636363636363636,0.09999999999999999,0.3636363636363636,0.6093138456344604,0.704913318157196
22,SYS_A,0.18181818181818185,0.1,0.18181818181818185,0.4940972924232483,0.5067043304443359
23,SYS_A,0.5714285714285714,0.16666666666666666,0.42857142857142855,0.7246302962303162,0.6867139935493469
24,SYS_A,0.25,0.0,0.125,0.6590219736099243,0.6533006429672241
25,SYS_A,0.28571428571428564,0.10526315789473685,0.28571428571428564,0.6562146544456482,0.5153990983963013
26,SYS_A,0.30769230769230765,0.0,0.23076923076923075,0.6003170609474182,0.4331653416156769
27,SYS_A,0.9473684210526316,0.823529411764706,0.9473684210526316,0.9392943382263184,0.8604271411895752
28,SYS_A,0.5185185185185186,0.08,0.29629629629629634,0.7105481028556824,0.8150750398635864
29,SYS_A,0.6666666666666666,0.12500000000000003,0.4444444444444444,0.731592059135437,0.713489830493927
30,SYS_A,0.7500000000000001,0.45454545454545453,0.6666666666666667,0.7229229807853699,0.6968428492546082
31,SYS_A,0.08,0.0,0.08,0.5388181209564209,0.28206223249435425
32,SYS_A,0.2222222222222222,0.125,0.2222222222222222,0.6125914454460144,0.5802487134933472
33,SYS_A,1.0,1.0,1.0,0.9524209499359131,0.7879949808120728
34,SYS_A,0.4,0.25,0.4,0.5947275161743164,0.5991355180740356
35,SYS_A,0.8695652173913043,0.5714285714285713,0.7826086956521738,0.870323896408081,0.8436525464057922
36,SYS_A,0.3157894736842105,0.11764705882352941,0.3157894736842105,0.6184756755828857,0.6275022625923157
37,SYS_A,0.823529411764706,0.39999999999999997,0.7058823529411765,0.7746344804763794,0.9120968580245972
38,SYS_A,0.0,0.0,0.0,0.5437425374984741,0.37967485189437866
39,SYS_A,0.5333333333333333,0.30769230769230765,0.5333333333333333,0.7762514352798462,0.7512553334236145
40,SYS_A,0.8181818181818182,0.6,0.6363636363636365,0.7737012505531311,0.8446402549743652
41,SYS_A,0.5,0.33333333333333337,0.5,0.7945095896720886,0.7589999437332153
42,SYS_A,0.47058823529411764,0.13333333333333333,0.35294117647058826,0.6716843247413635,0.6304458379745483
43,SYS_A,0.6153846153846154,0.16666666666666666,0.23076923076923078,0.6287248730659485,0.8973122835159302
44,SYS_A,0.3636363636363637,0.1,0.27272727272727276,0.6116397976875305,0.5112613439559937
45,SYS_A,0.38461538461538464,0.0,0.38461538461538464,0.6273165345191956,0.8184412717819214
46,SYS_A,0.46153846153846156,0.18181818181818182,0.46153846153846156,0.6360064744949341,0.7380220890045166
47,SYS_A,0.23529411764705882,0.0,0.23529411764705882,0.5664836764335632,0.3935900330543518
48,SYS_A,0.4444444444444444,0.125,0.4444444444444444,0.6719932556152344,0.7209630012512207
49,SYS_A,0.2727272727272727,0.09999999999999999,0.1818181818181818,0.5350128412246704,0.6115097999572754
50,SYS_A,0.18181818181818185,0.0,0.18181818181818185,0.6106588244438171,0.5483100414276123
51,SYS_A,0.41666666666666663,0.27272727272727276,0.25,0.6928957104682922,0.8798686265945435
52,SYS_A,0.24000000000000002,0.08695652173913043,0.24000000000000002,0.595233678817749,0.45273157954216003
53,SYS_A,0.2962962962962963,0.23999999999999996,0.2962962962962963,0.6479949951171875,0.7877258658409119
54,SYS_A,0.28571428571428575,0.16666666666666669,0.28571428571428575,0.5812194347381592,0.48586177825927734
55,SYS_A,0.3,0.1111111111111111,0.3,0.5447002649307251,0.45030805468559265
56,SYS_A,0.8333333333333333,0.6363636363636365,0.4999999999999999,0.7408292293548584,0.8115576505661011
57,SYS_A,0.7272727272727272,0.22222222222222224,0.5454545454545454,0.739824652671814,0.8447517156600952
58,SYS_A,0.5,0.42857142857142855,0.5,0.7436380386352539,0.7319331169128418
59,SYS_A,0.3333333333333333,0.2,0.3333333333333333,0.6397656202316284,0.8670165538787842
60,SYS_A,0.4137931034482759,0.07407407407407408,0.2758620689655172,0.716518759727478,0.6479901075363159
61,SYS_A,0.22222222222222224,0.0,0.11111111111111112,0.5183388590812683,0.5678257942199707
62,SYS_A,0.24000000000000002,0.08695652173913043,0.16,0.6171489953994751,0.7697533369064331
63,SYS_A,0.2222222222222222,0.0,0.1111111111111111,0.5719494223594666,0.5256754755973816
64,SYS_A,0.23529411764705882,0.0,0.23529411764705882,0.4804321229457855,0.5928851962089539
65,SYS_A,0.3157894736842105,0.11764705882352941,0.3157894736842105,0.6347795128822327,0.46321773529052734
66,SYS_A,0.8421052631578948,0.588235294117647,0.7368421052631579,0.7895397543907166,0.8789205551147461
67,SYS_A,0.4545454545454546,0.3,0.4545454545454546,0.6644298434257507,0.580751895904541
68,SYS_A,0.2962962962962963,0.24,0.2962962962962963,0.6441957950592041,0.7419495582580566
69,SYS_A,0.5,0.28571428571428575,0.5,0.8003062605857849,0.8539950847625732
70,SYS_A,0.9523809523809523,0.9473684210526316,0.9523809523809523,0.9130796194076538,0.7148889899253845
71,SYS_A,0.33333333333333337,0.0,0.16666666666666669,0.6257391571998596,0.5335603952407837
72,SYS_A,0.6666666666666665,0.5,0.6666666666666665,0.7255591750144958,0.7342596650123596
73,SYS_A,0.3333333333333333,0.0,0.3333333333333333,0.6090735793113708,0.6375709772109985
74,SYS_A,0.2857142857142857,0.10526315789473685,0.2857142857142857,0.5812989473342896,0.5468435287475586
75,SYS_A,0.11764705882352941,0.0,0.11764705882352941,0.6000141501426697,0.5579395294189453
76,SYS_A,0.3157894736842105,0.0,0.3157894736842105,0.6226485967636108,0.6302388906478882
77,SYS_A,0.3333333333333333,0.18181818181818182,0.3333333333333333,0.6367784142494202,0.6016432642936707
78,SYS_A,0.25,0.0,0.125,0.6149636507034302,0.7444798946380615
79,SYS_A,0.5,0.0,0.5,0.79850834608078,0.8268601894378662
80,SYS_A,0.5,0.28571428571428575,0.25,0.6484708786010742,0.5804076790809631
81,SYS_A,0.5263157894736842,0.4705882352941177,0.5263157894736842,0.7130513787269592,0.63399738073349
82,SYS_A,0.5263157894736842,0.11764705882352941,0.4210526315789474,0.7051569223403931,0.8171608448028564
83,SYS_A,0.5555555555555556,0.375,0.5555555555555556,0.5914751887321472,0.7000347375869751
84,SYS_A,0.25,0.09090909090909093,0.25,0.5964134931564331,0.6864020824432373
85,SYS_A,0.3157894736842105,0.0,0.3157894736842105,0.5600306391716003,0.40155988931655884
86,SYS_A,0.2857142857142857,0.10526315789473685,0.2857142857142857,0.5846005082130432,0.5693821907043457
87,SYS_A,0.7200000000000001,0.34782608695652173,0.64,0.8614591360092163,0.9687212705612183
88,SYS_A,0.9473684210526316,0.823529411764706,0.9473684210526316,0.9225602149963379,0.9529438018798828
89,SYS_A,0.5,0.3333333333333333,0.5,0.7010307908058167,0.7198631167411804
90,SYS_A,0.13333333333333333,0.0,0.13333333333333333,0.5201429128646851,0.3303244113922119
91,SYS_A,0.380952380952381,0.2105263157894737,0.380952380952381,0.6513153910636902,0.6870046854019165
92,SYS_A,0.06666666666666667,0.0,0.06666666666666667,0.5182890892028809,0.4560900628566742
93,SYS_A,0.11764705882352941,0.0,0.11764705882352941,0.5289857387542725,0.3742702007293701
94,SYS_A,0.42857142857142855,0.16666666666666666,0.2857142857142857,0.5677793025970459,0.5147249698638916
95,SYS_A,0.6666666666666666,0.5714285714285715,0.6666666666666666,0.7315627932548523,0.8034787178039551
96,SYS_A,0.46153846153846156,0.36363636363636365,0.46153846153846156,0.640713095664978,0.7488760352134705
97,SYS_A,0.23529411764705882,0.13333333333333333,0.23529411764705882,0.5453556180000305,0.46735185384750366
98,SYS_A,0.4615384615384615,0.3636363636363636,0.4615384615384615,0.6039751172065735,0.8530633449554443
99,SYS_A,0.42857142857142855,0.15384615384615383,0.28571428571428575,0.623965859413147,0.7138617038726807
100,SYS_A,0.2,0.0,0.2,0.49803850054740906,0.48081910610198975
101,SYS_A,0.4545454545454546,0.2,0.3636363636363637,0.752615749835968,0.6987693905830383
102,SYS_A,0.43478260869565216,0.28571428571428564,0.43478260869565216,0.688203752040863,0.6676244735717773
103,SYS_A,0.6428571428571429,0.3076923076923077,0.5714285714285714,0.7945037484169006,0.6703556776046753
104,SYS_A,0.4210526315789473,0.23529411764705882,0.4210526315789473,0.6070641875267029,0.7533655762672424
105,SYS_A,0.4761904761904762,0.2105263157894737,0.4761904761904762,0.6715417504310608,0.49321460723876953
106,SYS_A,0.07142857142857144,0.0,0.07142857142857144,0.605633556842804,0.4508952498435974
107,SYS_A,0.2222222222222222,0.0,0.2222222222222222,0.5777906179428101,0.627095639705658
108,SYS_A,0.16666666666666666,0.09090909090909091,0.16666666666666666,0.4856592118740082,0.0928955227136612
109,SYS_A,0.4761904761904762,0.2105263157894737,0.4761904761904762,0.716529130935669,0.5813077688217163
110,SYS_A,0.25,0.0,0.16666666666666666,0.5476295948028564,0.4715525805950165
111,SYS_A,0.45454545454545453,0.0,0.2727272727272727,0.7279585599899292,0.7235445976257324
112,SYS_A,0.4666666666666667,0.28571428571428575,0.4666666666666667,0.7241384983062744,0.7559711933135986
113,SYS_A,0.2857142857142857,0.10526315789473685,0.2857142857142857,0.5762706995010376,0.7638039588928223
114,SYS_A,0.761904761904762,0.5263157894736842,0.761904761904762,0.8795332908630371,0.7247449159622192
115,SYS_A,0.6666666666666666,0.37499999999999994,0.5555555555555556,0.7236859798431396,0.8902052640914917
116,SYS_A,0.5555555555555556,0.37499999999999994,0.4444444444444444,0.6912343502044678,0.6589035987854004
117,SYS_A,0.4000000000000001,0.0,0.3,0.6151930093765259,0.6518628001213074
118,SYS_A,0.3157894736842105,0.11764705882352941,0.3157894736842105,0.6386552453041077,0.3976627588272095
119,SYS_A,0.15384615384615383,0.0,0.15384615384615383,0.4561184048652649,0.5831761360168457
120,SYS_A,0.45454545454545453,0.10000000000000002,0.45454545454545453,0.7554429173469543,0.689784586429596
121,SYS_A,0.3333333333333333,0.2,0.3333333333333333,0.605738639831543,0.6821111440658569
122,SYS_A,0.2105263157894737,0.0,0.10526315789473685,0.5148801803588867,0.5611815452575684
123,SYS_A,0.26666666666666666,0.15384615384615383,0.26666666666666666,0.5546045899391174,0.6359782218933105
124,SYS_A,0.2105263157894737,0.0,0.2105263157894737,0.5273234844207764,0.5651131868362427
125,SYS_A,0.5714285714285715,0.4615384615384615,0.5714285714285715,0.7755464315414429,0.8309393525123596
126,SYS_A,0.4000000000000001,0.0,0.3,0.5602356195449829,0.5092038512229919
127,SYS_A,0.11764705882352941,0.0,0.11764705882352941,0.5044427514076233,0.35548165440559387
128,SYS_A,0.0,0.0,0.0,0.504159152507782,0.5124717354774475
129,SYS_A,0.7000000000000001,0.4444444444444445,0.7000000000000001,0.769387423992157,0.8557764291763306
130,SYS_A,0.2727272727272727,0.10000000000000002,0.2727272727272727,0.4994411766529083,0.5435261726379395
131,SYS_A,0.47058823529411764,0.13333333333333333,0.35294117647058826,0.6082181334495544,0.7700993418693542
132,SYS_A,0.33333333333333326,0.25,0.33333333333333326,0.6163579821586609,0.7393065690994263
133,SYS_A,0.4,0.2608695652173913,0.4,0.6729856133460999,0.8862358331680298
134,SYS_A,0.7058823529411764,0.4,0.7058823529411764,0.7422507405281067,0.8497346043586731
135,SYS_A,0.6666666666666666,0.4615384615384615,0.6666666666666666,0.6769396066665649,0.8074415922164917
136,SYS_A,0.6666666666666666,0.625,0.6666666666666666,0.7741239070892334,0.8512043952941895
137,SYS_A,0.4615384615384615,0.1818181818181818,0.4615384615384615,0.7040223479270935,0.6706172227859497
138,SYS_A,0.33333333333333326,0.0,0.2222222222222222,0.630780041217804,0.6507883667945862
139,SYS_A,0.27272727272727276,0.1,0.27272727272727276,0.622988760471344,0.6476553678512573
140,SYS_A,0.19999999999999998,0.0,0.13333333333333333,0.6013742685317993,0.4542071521282196
141,SYS_A,0.48,0.34782608695652173,0.48,0.7805142998695374,0.8531776666641235
142,SYS_A,0.4444444444444444,0.28571428571428575,0.4444444444444444,0.6616491675376892,0.46038883924484253
143,SYS_A,0.5185185185185186,0.4,0.5185185185185186,0.7541418075561523,0.898659884929657
144,SYS_A,0.34782608695652173,0.09523809523809522,0.34782608695652173,0.7059536576271057,0.6933999061584473
145,SYS_A,0.2727272727272727,0.10000000000000002,0.2727272727272727,0.6005504131317139,0.6324899792671204
146,SYS_A,0.3703703703703704,0.16,0.3703703703703704,0.7265085577964783,0.6690252423286438
147,SYS_A,0.6363636363636364,0.5,0.6363636363636364,0.7829091548919678,0.8351160287857056
148,SYS_A,1.0,1.0,1.0,0.9566107988357544,0.9574048519134521
149,SYS_A,0.2857142857142857,0.0,0.14285714285714285,0.5383761525154114,0.6527427434921265
150,SYS_A,0.4166666666666667,0.18181818181818182,0.3333333333333333,0.667941153049469,0.6792855262756348
151,SYS_A,0.5384615384615385,0.16666666666666666,0.30769230769230765,0.6598412990570068,0.6236773729324341
152,SYS_A,0.1904761904761905,0.0,0.1904761904761905,0.524961531162262,0.5946773290634155
153,SYS_A,0.1,0.0,0.1,0.4094257354736328,0.7370656728744507
154,SYS_A,1.0,1.0,1.0,0.9999998807907104,0.9999998807907104
155,SYS_A,0.6666666666666666,0.2105263157894737,0.5714285714285715,0.7323392033576965,0.61430823802948
156,SYS_A,0.375,0.0,0.25,0.5878402590751648,0.505573034286499
157,SYS_A,0.43478260869565216,0.0,0.34782608695652173,0.6615983247756958,0.6974344849586487
158,SYS_A,0.47058823529411764,0.13333333333333333,0.35294117647058826,0.6090337038040161,0.4902414083480835
159,SYS_A,0.2758620689655172,0.07407407407407408,0.20689655172413796,0.5963484048843384,0.7920417785644531
160,SYS_A,0.3448275862068966,0.14814814814814817,0.27586206896551724,0.6681744456291199,0.46980029344558716
161,SYS_A,0.35714285714285715,0.07692307692307693,0.21428571428571427,0.5983157753944397,0.30431926250457764
162,SYS_A,0.4000000000000001,0.07142857142857144,0.26666666666666666,0.6952941417694092,0.677344024181366
163,SYS_A,0.4615384615384615,0.16666666666666669,0.4615384615384615,0.7113303542137146,0.717849850654602
164,SYS_A,0.41666666666666663,0.0,0.16666666666666669,0.6668825149536133,0.7282792925834656
165,SYS_A,0.5,0.2222222222222222,0.4,0.7696760296821594,0.9015641212463379
166,SYS_A,0.5,0.33333333333333326,0.5,0.7465168237686157,0.7545603513717651
167,SYS_A,0.2608695652173913,0.09523809523809525,0.17391304347826086,0.653019905090332,0.7366377115249634
168,SYS_A,0.6363636363636364,0.5,0.6363636363636364,0.7728638648986816,0.8594269752502441
169,SYS_A,0.46153846153846156,0.25,0.3846153846153846,0.660699725151062,0.7378820180892944
170,SYS_A,0.375,0.2857142857142857,0.375,0.5503305196762085,0.32424116134643555
171,SYS_A,0.24000000000000002,0.08695652173913043,0.24000000000000002,0.6816589832305908,0.5643700361251831
172,SYS_A,0.29629629629629634,0.08,0.29629629629629634,0.6115065217018127,0.540315568447113
173,SYS_A,0.2,0.0,0.1,0.5797948241233826,0.4771595001220703
174,SYS_A,0.5263157894736842,0.35294117647058826,0.5263157894736842,0.8598687052726746,0.8757858276367188
175,SYS_A,0.2105263157894737,0.11764705882352941,0.2105263157894737,0.5520327687263489,0.5560087561607361
176,SYS_A,0.5263157894736842,0.35294117647058826,0.5263157894736842,0.6317733526229858,0.6678710579872131
177,SYS_A,0.4166666666666667,0.18181818181818182,0.3333333333333333,0.7313097715377808,0.9128661751747131
178,SYS_A,0.21428571428571427,0.0,0.14285714285714285,0.5705716013908386,0.5041851997375488
179,SYS_A,0.4444444444444445,0.25,0.4444444444444445,0.7386574745178223,0.7442809343338013
180,SYS_A,0.4,0.0,0.32,0.6919678449630737,0.7851362228393555
181,SYS_A,0.33333333333333326,0.125,0.33333333333333326,0.6345798969268799,0.6051163673400879
182,SYS_A,0.1,0.0,0.1,0.5518580675125122,0.4456479549407959
183,SYS_A,0.11764705882352941,0.0,0.11764705882352941,0.505156397819519,0.37763500213623047
184,SYS_A,0.23529411764705885,0.0,0.11764705882352942,0.5771464109420776,0.7183828353881836
185,SYS_A,0.5833333333333334,0.3636363636363637,0.5833333333333334,0.7223312258720398,0.8073074817657471
186,SYS_A,0.6666666666666666,0.5000000000000001,0.6666666666666666,0.7306785583496094,0.6986749172210693
187,SYS_A,0.25,0.0,0.25,0.5863237380981445,0.38486912846565247
188,SYS_A,0.380952380952381,0.10526315789473685,0.380952380952381,0.6551104784011841,0.6217349171638489
189,SYS_A,0.375,0.0,0.25,0.6512418985366821,0.6784414052963257
190,SYS_A,0.4,0.17391304347826086,0.4,0.5672413110733032,0.7057669758796692
191,SYS_A,0.24999999999999994,0.0909090909090909,0.24999999999999994,0.5588061809539795,0.5991151928901672
192,SYS_A,0.7272727272727272,0.7000000000000001,0.7272727272727272,0.9074665307998657,0.9717824459075928
193,SYS_A,0.5384615384615384,0.25,0.5384615384615384,0.727242112159729,0.7135574817657471
194,SYS_A,0.18181818181818182,0.10000000000000002,0.18181818181818182,0.6073622703552246,0.540448009967804
195,SYS_A,0.2580645161290323,0.0,0.12903225806451615,0.5653111338615417,0.42951762676239014
196,SYS_A,0.28571428571428564,0.2105263157894737,0.28571428571428564,0.6255912780761719,0.7332355380058289
197,SYS_A,0.5625,0.26666666666666666,0.5,0.7573161125183105,0.8921514749526978
198,SYS_A,0.1111111111111111,0.0,0.1111111111111111,0.4605034291744232,0.33284127712249756
199,SYS_A,0.5217391304347826,0.09523809523809525,0.34782608695652173,0.5667363405227661,0.6639794707298279
200,SYS_A,0.41666666666666663,0.1818181818181818,0.41666666666666663,0.6644231081008911,0.35747677087783813
201,SYS_A,0.5263157894736842,0.3529411764705882,0.5263157894736842,0.6989144086837769,0.7754693031311035
202,SYS_A,0.6,0.4444444444444445,0.5,0.6714370250701904,0.840835690498352
203,SYS_A,0.4210526315789474,0.23529411764705882,0.4210526315789474,0.7546200156211853,0.7620440721511841
204,SYS_A,0.64,0.34782608695652173,0.64,0.8154316544532776,0.5699290037155151
205,SYS_A,0.4545454545454546,0.1,0.3636363636363637,0.6612216234207153,0.8181568384170532
206,SYS_A,0.4,0.15384615384615385,0.4,0.6025875806808472,0.7615059614181519
207,SYS_A,0.6923076923076924,0.41666666666666663,0.6923076923076924,0.8026303052902222,0.8804299235343933
208,SYS_A,0.6153846153846153,0.3333333333333333,0.6153846153846153,0.7585405707359314,0.7911404967308044
209,SYS_A,0.380952380952381,0.2105263157894737,0.380952380952381,0.6440959572792053,0.7080086469650269
210,SYS_A,0.5517241379310344,0.29629629629629634,0.4827586206896552,0.7018362879753113,0.6468139886856079
211,SYS_A,0.4761904761904762,0.21052631578947367,0.38095238095238093,0.6359769701957703,0.7029842138290405
212,SYS_A,1.0,1.0,1.0,0.9883524775505066,0.9612843990325928
213,SYS_A,0.4210526315789474,0.23529411764705885,0.4210526315789474,0.6236042380332947,0.806162416934967
214,SYS_A,0.16666666666666666,0.0,0.16666666666666666,0.5654110908508301,0.43897733092308044
215,SYS_A,0.3870967741935484,0.06896551724137931,0.2580645161290323,0.5907168388366699,0.6939985752105713
216,SYS_A,0.7407407407407408,0.48000000000000004,0.7407407407407408,0.8252606391906738,0.8459584712982178
217,SYS_A,0.3,0.2222222222222222,0.3,0.6562130451202393,0.5886999368667603
218,SYS_A,0.13333333333333333,0.0,0.13333333333333333,0.4873692989349365,0.22844946384429932
219,SYS_A,0.4166666666666667,0.18181818181818182,0.25,0.6241552829742432,0.711785078048706
220,SYS_A,0.4444444444444445,0.0,0.22222222222222224,0.6355916261672974,0.6908687949180603
221,SYS_A,0.3157894736842105,0.11764705882352941,0.3157894736842105,0.668239176273346,0.7976962327957153
222,SYS_A,0.9333333333333333,0.923076923076923,0.9333333333333333,0.8086013197898865,0.7750407457351685
223,SYS_A,0.45161290322580644,0.1379310344827586,0.2580645161290323,0.6407662630081177,0.689777135848999
224,SYS_A,0.22222222222222224,0.0,0.22222222222222224,0.556242823600769,0.4819532632827759
225,SYS_A,0.32,0.17391304347826086,0.32,0.6061198115348816,0.3752163350582123
226,SYS_A,0.17391304347826086,0.0,0.08695652173913043,0.5710409283638,0.33456140756607056
227,SYS_A,0.3333333333333333,0.07142857142857142,0.3333333333333333,0.544167697429657,0.5609902739524841
228,SYS_A,0.5714285714285715,0.23076923076923075,0.3571428571428571,0.5812842845916748,0.8820016384124756
229,SYS_A,0.7272727272727272,0.6666666666666665,0.7272727272727272,0.6704344749450684,0.6927423477172852
230,SYS_A,0.34782608695652173,0.28571428571428575,0.34782608695652173,0.6321355700492859,0.651451587677002
231,SYS_A,0.32,0.0,0.23999999999999996,0.7277137637138367,0.7141056060791016
232,SYS_A,0.5882352941176471,0.25,0.5882352941176471,0.7962259650230408,0.8137713670730591
233,SYS_A,0.6363636363636365,0.39999999999999997,0.6363636363636365,0.7261452078819275,0.807677149772644
234,SYS_A,0.1818181818181818,0.09999999999999999,0.1818181818181818,0.6077786087989807,0.7138059735298157
235,SYS_A,1.0,1.0,1.0,0.9444844126701355,0.9079620838165283
236,SYS_A,0.22222222222222224,0.125,0.22222222222222224,0.564757227897644,0.6790932416915894
237,SYS_A,0.19047619047619047,0.0,0.19047619047619047,0.527393102645874,0.46357017755508423
238,SYS_A,0.7999999999999999,0.5555555555555556,0.7999999999999999,0.8093697428703308,0.8111181259155273
239,SYS_A,0.1904761904761905,0.0,0.09523809523809525,0.6126706004142761,0.6087918877601624
240,SYS_A,0.38461538461538464,0.16666666666666669,0.3076923076923077,0.7017946243286133,0.5470051765441895
241,SYS_A,0.2608695652173913,0.1904761904761905,0.2608695652173913,0.6426370739936829,0.7147716283798218
242,SYS_A,0.11111111111111112,0.0,0.11111111111111112,0.4366079270839691,0.4404990077018738
243,SYS_A,0.9600000000000001,0.8695652173913043,0.64,0.9239539504051208,0.964192271232605
244,SYS_A,0.6,0.2222222222222222,0.5,0.6513845324516296,0.7971301674842834
245,SYS_A,0.6666666666666666,0.3157894736842105,0.5714285714285713,0.723558783531189,0.7844415903091431
246,SYS_A,0.6956521739130435,0.5714285714285715,0.6956521739130435,0.7976301312446594,0.8720102906227112
247,SYS_A,0.4,0.1111111111111111,0.4,0.5947358012199402,0.6313847899436951
248,SYS_A,0.26666666666666666,0.0,0.19999999999999998,0.5789839029312134,0.5881540775299072
249,SYS_A,0.34782608695652173,0.09523809523809525,0.34782608695652173,0.630433976650238,0.8086170554161072
250,SYS_A,0.42857142857142855,0.16666666666666666,0.42857142857142855,0.6325181126594543,0.7452988028526306
251,SYS_A,0.45454545454545453,0.3,0.45454545454545453,0.6903902292251587,0.6924527287483215
252,SYS_A,0.24999999999999994,0.0909090909090909,0.24999999999999994,0.5708199143409729,0.6329230070114136
253,SYS_A,0.8,0.7777777777777778,0.8,0.8464041948318481,0.8182283043861389
254,SYS_A,0.4,0.08695652173913043,0.32,0.5883963704109192,0.28111666440963745
255,SYS_A,0.3333333333333333,0.0,0.3333333333333333,0.5639345645904541,0.4414312243461609
256,SYS_A,0.3529411764705882,0.26666666666666666,0.3529411764705882,0.584416925907135,0.7730245590209961
257,SYS_A,0.3,0.0,0.19999999999999998,0.5663443207740784,0.6711077690124512
258,SYS_A,0.34782608695652173,0.1904761904761905,0.2608695652173913,0.584307849407196,0.7634239196777344
259,SYS_A,0.75,0.5454545454545455,0.75,0.7533406615257263,0.824580192565918
260,SYS_A,0.3846153846153846,0.0,0.23076923076923075,0.6456769108772278,0.4564521908760071
261,SYS_A,0.5263157894736842,0.11764705882352941,0.42105263157894735,0.6333191990852356,0.8080646395683289
262,SYS_A,0.45161290322580644,0.3448275862068966,0.45161290322580644,0.6607164144515991,0.6717433929443359
263,SYS_A,0.46153846153846156,0.0,0.23076923076923078,0.6690196990966797,0.776565432548523
264,SYS_A,0.5333333333333333,0.30769230769230765,0.5333333333333333,0.7072301506996155,0.7465741634368896
265,SYS_A,0.6666666666666667,0.6153846153846154,0.6666666666666667,0.733482301235199,0.7424390316009521
266,SYS_A,0.32,0.0,0.32,0.5972657799720764,0.6145157814025879
267,SYS_A,0.4347826086956522,0.28571428571428575,0.4347826086956522,0.6802377104759216,0.5625842213630676
268,SYS_A,0.4545454545454546,0.1,0.27272727272727276,0.6463282704353333,0.6340152025222778
269,SYS_A,0.1,0.0,0.1,0.6652400493621826,0.2772352993488312
270,SYS_A,0.4705882352941177,0.13333333333333333,0.23529411764705885,0.6470705270767212,0.7287946939468384
271,SYS_A,0.4615384615384615,0.24999999999999994,0.30769230769230765,0.6401752829551697,0.8204038739204407
272,SYS_A,0.7826086956521738,0.47619047619047616,0.7826086956521738,0.8860262632369995,0.9053499698638916
273,SYS_A,0.5,0.18181818181818182,0.3333333333333333,0.6301577687263489,0.6862202882766724
274,SYS_A,0.7058823529411764,0.26666666666666666,0.47058823529411764,0.7388031482696533,0.9050502777099609
275,SYS_A,0.6153846153846153,0.41666666666666663,0.5384615384615385,0.6195122599601746,0.7268466949462891
276,SYS_A,0.5714285714285713,0.2105263157894737,0.28571428571428564,0.7165457606315613,0.581268846988678
277,SYS_A,0.6956521739130435,0.4761904761904762,0.6956521739130435,0.8762140870094299,0.8567529916763306
278,SYS_A,0.2222222222222222,0.0,0.1111111111111111,0.5570241808891296,0.7601394057273865
279,SYS_A,0.8750000000000001,0.8571428571428571,0.8750000000000001,0.6054581999778748,0.6240602135658264
280,SYS_A,1.0,1.0,1.0,1.0,1.0000001192092896
281,SYS_A,0.4210526315789474,0.11764705882352941,0.4210526315789474,0.6757302284240723,0.6294798851013184
282,SYS_A,0.3157894736842105,0.11764705882352941,0.3157894736842105,0.6609480381011963,0.48413440585136414
283,SYS_A,0.5714285714285715,0.3333333333333333,0.5714285714285715,0.8227033615112305,0.8902882933616638
284,SYS_A,0.7200000000000001,0.4347826086956522,0.7200000000000001,0.819665253162384,0.8989222645759583
285,SYS_A,0.5454545454545454,0.20000000000000004,0.2727272727272727,0.705822765827179,0.8044705986976624
286,SYS_A,0.0,0.0,0.0,0.4966026544570923,0.5469314455986023
287,SYS_A,0.5333333333333333,0.4615384615384615,0.5333333333333333,0.7322779297828674,0.5880827307701111
288,SYS_A,1.0,1.0,1.0,0.9538401365280151,0.7831689119338989
289,SYS_A,0.33333333333333337,0.0,0.25,0.6264876127243042,0.5376693606376648
290,SYS_A,0.33333333333333337,0.0,0.33333333333333337,0.6064838767051697,0.5949990749359131
291,SYS_A,0.35294117647058826,0.13333333333333333,0.23529411764705882,0.6044878363609314,0.7717649936676025
292,SYS_A,0.16666666666666669,0.0909090909090909,0.16666666666666669,0.5452064871788025,0.5248871445655823
293,SYS_A,0.26666666666666666,0.07142857142857144,0.20000000000000004,0.6167415380477905,0.7167311906814575
294,SYS_A,0.26666666666666666,0.15384615384615383,0.26666666666666666,0.4863570034503937,0.6206421256065369
295,SYS_A,0.380952380952381,0.2105263157894737,0.380952380952381,0.6019381284713745,0.666955828666687
296,SYS_A,0.37499999999999994,0.0,0.25000000000000006,0.6255975961685181,0.5125008821487427
297,SYS_A,0.9411764705882353,0.9333333333333333,0.9411764705882353,0.8676550388336182,0.9141538739204407
298,SYS_A,0.35294117647058826,0.0,0.23529411764705882,0.5618351101875305,0.6272943019866943
299,SYS_A,0.14814814814814814,0.0,0.14814814814814814,0.5751054883003235,0.686036229133606
300,SYS_A,0.3333333333333333,0.25,0.3333333333333333,0.6047980785369873,0.8132185339927673
301,SYS_A,0.5263157894736842,0.11764705882352941,0.3157894736842105,0.6276770830154419,0.6814994215965271
302,SYS_A,0.47619047619047616,0.2105263157894737,0.380952380952381,0.7669996619224548,0.814852237701416
303,SYS_A,0.14285714285714285,0.0,0.14285714285714285,0.5949235558509827,0.6382706165313721
304,SYS_A,0.2608695652173913,0.0,0.17391304347826086,0.5690940022468567,0.5202845335006714
305,SYS_A,0.5555555555555556,0.37499999999999994,0.5555555555555556,0.7047876715660095,0.7642578482627869
306,SYS_A,0.8571428571428571,0.5263157894736842,0.8571428571428571,0.9142393469810486,0.8081067800521851
307,SYS_A,0.6,0.2222222222222222,0.3,0.7713669538497925,0.7685624957084656
308,SYS_A,0.32,0.17391304347826086,0.24000000000000002,0.5998855233192444,0.766121506690979
309,SYS_A,0.47619047619047616,0.2105263157894737,0.47619047619047616,0.600649893283844,0.7729795575141907
310,SYS_A,0.25,0.0,0.125,0.5127400159835815,0.6349323391914368
311,SYS_A,0.5,0.0,0.19999999999999998,0.643152117729187,0.74485182762146
312,SYS_A,0.380952380952381,0.10526315789473685,0.28571428571428564,0.6446467041969299,0.7553644180297852
313,SYS_A,0.4800000000000001,0.26086956521739135,0.32,0.6417825818061829,0.7022955417633057
314,SYS_A,0.5454545454545454,0.4000000000000001,0.5454545454545454,0.732886791229248,0.7539905309677124
315,SYS_A,0.4799999999999999,0.34782608695652173,0.4,0.5966350436210632,0.582207202911377
316,SYS_A,0.35294117647058826,0.13333333333333333,0.23529411764705882,0.5260323882102966,0.7329525947570801
317,SYS_A,0.15384615384615385,0.08333333333333333,0.15384615384615385,0.5845800638198853,0.5531280040740967
318,SYS_A,0.888888888888889,0.8750000000000001,0.888888888888889,0.8706861138343811,0.8416164517402649
319,SYS_A,0.2608695652173913,0.09523809523809525,0.2608695652173913,0.6635538339614868,0.7233797907829285
320,SYS_A,0.6666666666666665,0.5714285714285715,0.6666666666666665,0.7119066715240479,0.7529052495956421
321,SYS_A,0.3636363636363637,0.0,0.09090909090909093,0.6418605446815491,0.4442998170852661
322,SYS_A,0.4,0.17391304347826086,0.4,0.6049301624298096,0.6967493891716003
323,SYS_A,0.4,0.1111111111111111,0.3,0.6531203985214233,0.6505692005157471
324,SYS_A,0.4761904761904762,0.2105263157894737,0.380952380952381,0.741213858127594,0.7973580956459045
325,SYS_A,0.0,0.0,0.0,0.5704542398452759,0.5715587139129639
326,SYS_A,0.3157894736842105,0.11764705882352941,0.3157894736842105,0.6307657361030579,0.7353880405426025
327,SYS_A,0.25,0.14285714285714285,0.25,0.6081154942512512,0.5795823931694031
328,SYS_A,0.64,0.5217391304347826,0.56,0.689005970954895,0.8025470972061157
329,SYS_A,0.6363636363636364,0.4000000000000001,0.6363636363636364,0.8057066798210144,0.8273910880088806
330,SYS_A,0.7142857142857143,0.6666666666666666,0.7142857142857143,0.7970246076583862,0.7994785308837891
331,SYS_A,0.2105263157894737,0.0,0.2105263157894737,0.6440364718437195,0.5602710843086243
332,SYS_A,0.380952380952381,0.10526315789473685,0.2857142857142857,0.6632792949676514,0.7240066528320312
333,SYS_A,0.3636363636363637,0.1,0.27272727272727276,0.6203578114509583,0.5178940296173096
334,SYS_A,0.3529411764705882,0.13333333333333333,0.23529411764705882,0.5826005339622498,0.5754328966140747
335,SYS_A,0.4444444444444444,0.24,0.4444444444444444,0.6339884996414185,0.7356845140457153
336,SYS_A,0.8571428571428572,0.5263157894736842,0.6666666666666666,0.9041845202445984,0.8051316142082214
337,SYS_A,0.7000000000000001,0.4444444444444444,0.6,0.8083698749542236,0.9159858226776123
338,SYS_A,0.3333333333333333,0.0,0.3333333333333333,0.4932195544242859,0.6133226156234741
339,SYS_A,0.0909090909090909,0.0,0.0909090909090909,0.6767368912696838,0.5306426286697388
340,SYS_A,0.29629629629629634,0.16,0.29629629629629634,0.6422297358512878,0.9019078016281128
341,SYS_A,0.23529411764705882,0.13333333333333333,0.23529411764705882,0.5644227862358093,0.23775094747543335
342,SYS_A,0.2608695652173913,0.0,0.17391304347826086,0.579165518283844,0.6919696927070618
343,SYS_A,0.4705882352941177,0.26666666666666666,0.4705882352941177,0.6809483766555786,0.6396082043647766
344,SYS_A,0.6,0.33333333333333337,0.5,0.6364623308181763,0.769839882850647
345,SYS_A,0.5454545454545454,0.22222222222222224,0.5454545454545454,0.6829712986946106,0.5779932737350464
346,SYS_A,0.6666666666666666,0.4210526315789474,0.6666666666666666,0.7584711909294128,0.6809101104736328
347,SYS_A,0.3448275862068965,0.07407407407407408,0.2758620689655172,0.5925886034965515,0.660413384437561
348,SYS_A,0.23529411764705882,0.13333333333333333,0.23529411764705882,0.5248685479164124,0.6668612957000732
349,SYS_A,0.19047619047619047,0.0,0.09523809523809523,0.6067903637886047,0.63739413022995
350,SYS_A,0.5454545454545454,0.3,0.5454545454545454,0.7155433297157288,0.8422316312789917
351,SYS_A,0.36363636363636365,0.10000000000000002,0.36363636363636365,0.6191738843917847,0.701009213924408
352,SYS_A,0.5217391304347826,0.380952380952381,0.5217391304347826,0.6207602024078369,0.576163113117218
353,SYS_A,0.7826086956521738,0.5714285714285715,0.5217391304347826,0.8266156315803528,0.821353554725647
354,SYS_A,0.6923076923076924,0.24999999999999994,0.5384615384615384,0.7168062329292297,0.8926215767860413
355,SYS_A,0.25,0.14285714285714288,0.25,0.6431533694267273,0.6499598026275635
356,SYS_A,0.4545454545454546,0.2,0.3636363636363637,0.654336154460907,0.7101658582687378
357,SYS_A,0.10526315789473682,0.0,0.10526315789473682,0.4880965054035187,0.4032876491546631
358,SYS_A,0.3157894736842105,0.0,0.21052631578947367,0.5815631747245789,0.7015858888626099
359,SYS_A,0.5,0.18181818181818185,0.3333333333333333,0.604593813419342,0.6256495714187622
360,SYS_A,0.5833333333333334,0.2727272727272727,0.5833333333333334,0.6891018748283386,0.5814806222915649
361,SYS_A,0.41666666666666663,0.09090909090909093,0.3333333333333333,0.6286309957504272,0.8806130886077881
362,SYS_A,0.56,0.08695652173913043,0.4,0.7161356806755066,0.7141469717025757
363,SYS_A,0.28571428571428564,0.0,0.28571428571428564,0.6181197166442871,0.7845381498336792
364,SYS_A,0.4761904761904762,0.2105263157894737,0.380952380952381,0.665908694267273,0.5731325745582581
365,SYS_A,0.5555555555555556,0.25,0.4444444444444444,0.7012417912483215,0.7488445043563843
366,SYS_A,0.625,0.42857142857142855,0.37499999999999994,0.7291367053985596,0.8153439164161682
367,SYS_A,0.25,0.0,0.125,0.6093011498451233,0.4954020380973816
368,SYS_A,0.2105263157894737,0.0,0.10526315789473685,0.5637608766555786,0.6311322450637817
369,SYS_A,0.4761904761904762,0.10526315789473685,0.28571428571428575,0.6241879463195801,0.7463632822036743
370,SYS_A,0.923076923076923,0.7272727272727272,0.923076923076923,0.945003867149353,0.8545837998390198
371,SYS_A,0.4999999999999999,0.2727272727272727,0.33333333333333337,0.6075083017349243,0.7201637029647827
372,SYS_A,0.20689655172413793,0.0,0.13793103448275862,0.5917981863021851,0.6355447769165039
373,SYS_A,0.5454545454545454,0.09999999999999999,0.2727272727272727,0.7018343806266785,0.6412506103515625
374,SYS_A,0.4,0.17391304347826086,0.32,0.634429395198822,0.7316638231277466
375,SYS_A,0.23999999999999996,0.08695652173913043,0.16,0.5530356168746948,0.4565620720386505
376,SYS_A,0.4615384615384615,0.1818181818181818,0.4615384615384615,0.6419445276260376,0.48023274540901184
377,SYS_A,0.761904761904762,0.4210526315789474,0.761904761904762,0.8532612323760986,0.8221744298934937
378,SYS_A,0.2105263157894737,0.0,0.2105263157894737,0.6615291237831116,0.7211353778839111
379,SYS_A,0.16666666666666669,0.0,0.16666666666666669,0.619907557964325,0.6062175035476685
380,SYS_A,0.10526315789473684,0.0,0.10526315789473684,0.4848468005657196,0.21816386282444
381,SYS_A,0.0,0.0,0.0,0.4168033003807068,0.1451077163219452
382,SYS_A,0.45454545454545453,0.0,0.2727272727272727,0.6402538418769836,0.5510919094085693
383,SYS_A,0.6086956521739131,0.2857142857142857,0.6086956521739131,0.779330313205719,0.6762654185295105
384,SYS_A,0.34782608695652173,0.09523809523809525,0.2608695652173913,0.6014239192008972,0.7502462863922119
385,SYS_A,0.25000000000000006,0.14285714285714288,0.25000000000000006,0.5252323746681213,0.6979624032974243
386,SYS_A,0.4827586206896552,0.07407407407407408,0.2758620689655172,0.5712387561798096,0.6684285998344421
387,SYS_A,0.4,0.17391304347826086,0.32,0.7816736102104187,0.6959459185600281
388,SYS_A,0.30769230769230765,0.0,0.15384615384615383,0.5857370495796204,0.6440168023109436
389,SYS_A,0.33333333333333326,0.0,0.22222222222222224,0.6246016621589661,0.6326509714126587
390,SYS_A,0.28571428571428575,0.10526315789473685,0.28571428571428575,0.7254734039306641,0.7455504536628723
391,SYS_A,0.43478260869565216,0.09523809523809525,0.34782608695652173,0.6796229481697083,0.80368971824646
392,SYS_A,0.23999999999999996,0.0,0.23999999999999996,0.6303902864456177,0.6715813279151917
393,SYS_A,0.4827586206896552,0.07407407407407407,0.3448275862068966,0.6561728715896606,0.6739156246185303
394,SYS_A,0.4761904761904762,0.3157894736842105,0.4761904761904762,0.6688159704208374,0.7706767916679382
395,SYS_A,0.380952380952381,0.10526315789473685,0.28571428571428575,0.6604402661323547,0.7287740707397461
396,SYS_A,0.4210526315789474,0.23529411764705882,0.4210526315789474,0.5807735323905945,0.6461583971977234
397,SYS_A,0.41666666666666663,0.2727272727272727,0.41666666666666663,0.7987607717514038,0.8943975567817688
398,SYS_A,0.3333333333333333,0.09090909090909093,0.25,0.6634700894355774,0.5446646213531494
399,SYS_A,0.2857142857142857,0.0,0.21428571428571427,0.5993096828460693,0.7047553062438965
0,SYS_B,0.16,0.0,0.08,0.5813563466072083,0.5725859999656677
1,SYS_B,0.0,0.0,0.0,0.5352716445922852,0.19964522123336792
2,SYS_B,0.47058823529411764,0.26666666666666666,0.23529411764705882,0.6722910404205322,0.6993427276611328
3,SYS_B,0.5833333333333334,0.3636363636363636,0.5833333333333334,0.7943993806838989,0.7322944402694702
4,SYS_B,0.3,0.2222222222222222,0.3,0.6063936352729797,0.6859809160232544
5,SYS_B,0.5,0.0,0.25,0.5749683976173401,0.7841023206710815
6,SYS_B,0.34782608695652173,0.09523809523809525,0.2608695652173913,0.6374392509460449,0.5541070699691772
7,SYS_B,0.19047619047619044,0.0,0.09523809523809522,0.5227394700050354,0.471901535987854
8,SYS_B,0.4761904761904762,0.2105263157894737,0.4761904761904762,0.6609290838241577,0.6603292226791382
9,SYS_B,0.25,0.0,0.25,0.5705679059028625,0.5744373798370361
10,SYS_B,0.5454545454545454,0.5,0.5454545454545454,0.5900232791900635,0.7976153492927551
11,SYS_B,0.36363636363636365,0.3,0.36363636363636365,0.6215043663978577,0.7312985062599182
12,SYS_B,0.5,0.14285714285714288,0.25,0.553989589214325,0.8630770444869995
13,SYS_B,0.41666666666666663,0.0,0.16666666666666666,0.6390345096588135,0.5114582777023315
14,SYS_B,0.4210526315789474,0.23529411764705885,0.3157894736842105,0.5693751573562622,0.8264185190200806
15,SYS_B,0.25,0.0,0.25,0.524843692779541,0.5002486705780029
16,SYS_B,0.2,0.0,0.1,0.5790339112281799,0.4493981897830963
17,SYS_B,0.26666666666666666,0.0,0.13333333333333333,0.4498836398124695,0.6252269744873047
18,SYS_B,0.33333333333333337,0.0,0.16666666666666669,0.4720108211040497,0.5839773416519165
19,SYS_B,0.5,0.20000000000000004,0.3333333333333333,0.597506582736969,0.7399154901504517
20,SYS_B,0.26666666666666666,0.15384615384615383,0.26666666666666666,0.6451193690299988,0.7326862812042236
21,SYS_B,0.5217391304347826,0.1904761904761905,0.43478260869565216,0.6284034848213196,0.5914992690086365
22,SYS_B,0.7500000000000001,0.5454545454545454,0.6666666666666667,0.8093588948249817,0.7066665887832642
23,SYS_B,0.10526315789473685,0.0,0.10526315789473685,0.536422073841095,0.5187824964523315
24,SYS_B,0.5333333333333333,0.0,0.26666666666666666,0.7933850288391113,0.840076744556427
25,SYS_B,0.28571428571428564,0.2105263157894737,0.28571428571428564,0.6488503217697144,0.5146147608757019
26,SYS_B,0.17391304347826086,0.0,0.08695652173913043,0.4906741976737976,0.26561835408210754
27,SYS_B,0.625,0.42857142857142855,0.37499999999999994,0.7682158946990967,0.8431546688079834
28,SYS_B,0.5,0.0,0.4,0.5800269246101379,0.682861864566803
29,SYS_B,1.0,1.0,1.0,1.000000238418579,0.9999998807907104
30,SYS_B,0.18181818181818185,0.0,0.18181818181818185,0.49897947907447815,0.32058101892471313
31,SYS_B,0.09090909090909091,0.0,0.09090909090909091,0.49319639801979065,0.10716380178928375
32,SYS_B,0.2222222222222222,0.125,0.2222222222222222,0.6125914454460144,0.5802487134933472
33,SYS_B,1.0,1.0,1.0,1.000000238418579,1.0000001192092896
34,SYS_B,0.4444444444444444,0.28571428571428575,0.4444444444444444,0.6281191110610962,0.7464630007743835
35,SYS_B,0.9166666666666666,0.7272727272727273,0.8333333333333334,0.9246200919151306,0.8680309057235718
36,SYS_B,0.5,0.2,0.5,0.6276199817657471,0.7637066841125488
37,SYS_B,1.0,1.0,1.0,1.0000001192092896,1.0
38,SYS_B,0.0,0.0,0.0,0.5437425374984741,0.37967485189437866
39,SYS_B,0.380952380952381,0.10526315789473685,0.1904761904761905,0.7134258151054382,0.6667258739471436
40,SYS_B,0.9090909090909091,0.9,0.9090909090909091,0.9123153686523438,0.8551920652389526
41,SYS_B,1.0,1.0,1.0,1.000000238418579,0.9999999403953552
42,SYS_B,0.0,0.0,0.0,0.508180558681488,0.11300534009933472
43,SYS_B,0.5833333333333334,0.2727272727272727,0.41666666666666663,0.6576261520385742,0.522905707359314
44,SYS_B,0.0,0.0,0.0,0.49585652351379395,0.41448771953582764
45,SYS_B,0.17391304347826086,0.0,0.17391304347826086,0.5061042308807373,0.6326080560684204
46,SYS_B,0.46153846153846156,0.18181818181818182,0.46153846153846156,0.6360064744949341,0.7380220890045166
47,SYS_B,0.0,0.0,0.0,0.4340878427028656,0.1906895935535431
48,SYS_B,0.7272727272727272,0.22222222222222224,0.7272727272727272,0.8327320218086243,0.8828577399253845
49,SYS_B,0.0,0.0,0.0,0.4258827865123749,0.524327278137207
50,SYS_B,0.5454545454545455,0.4,0.5454545454545455,0.7549759149551392,0.7805421352386475
51,SYS_B,0.3157894736842105,0.23529411764705882,0.3157894736842105,0.7097031474113464,0.7033572196960449
52,SYS_B,0.3076923076923077,0.16666666666666666,0.23076923076923078,0.6028839945793152,0.449727863073349
53,SYS_B,0.6666666666666666,0.625,0.6666666666666666,0.8102161884307861,0.8633867502212524
54,SYS_B,0.42857142857142855,0.16666666666666669,0.42857142857142855,0.6443593502044678,0.6057870388031006
55,SYS_B,0.3,0.1111111111111111,0.3,0.7050313353538513,0.6432865262031555
56,SYS_B,0.33333333333333337,0.0909090909090909,0.16666666666666669,0.6287951469421387,0.7422029972076416
57,SYS_B,0.3333333333333333,0.20000000000000004,0.3333333333333333,0.6048122644424438,0.5159176588058472
58,SYS_B,0.5555555555555556,0.375,0.4444444444444445,0.7626656293869019,0.8250296115875244
59,SYS_B,0.375,0.0,0.25,0.5182300806045532,0.6896977424621582
60,SYS_B,0.3448275862068965,0.07407407407407408,0.20689655172413796,0.6589227914810181,0.6320273280143738
61,SYS_B,0.21052631578947364,0.11764705882352941,0.21052631578947364,0.5656396746635437,0.6793259382247925
62,SYS_B,0.27586206896551724,0.07407407407407407,0.20689655172413793,0.547805905342102,0.8002928495407104
63,SYS_B,0.0,0.0,0.0,0.5045470595359802,0.31011074781417847
64,SYS_B,0.23529411764705882,0.0,0.23529411764705882,0.4804321229457855,0.5928851962089539
65,SYS_B,0.5833333333333334,0.1818181818181818,0.41666666666666663,0.7395746111869812,0.7371442317962646
66,SYS_B,0.7692307692307693,0.5454545454545454,0.6153846153846154,0.6557196378707886,0.8186667561531067
67,SYS_B,0.6,0.3333333333333333,0.6,0.7595030069351196,0.7352466583251953
68,SYS_B,0.33333333333333337,0.18181818181818182,0.33333333333333337,0.6498522162437439,0.7229191660881042
69,SYS_B,0.5,0.28571428571428575,0.375,0.7118086814880371,0.8251891732215881
70,SYS_B,0.8235294117647058,0.8,0.8235294117647058,0.8733724355697632,0.6202496886253357
71,SYS_B,0.2222222222222222,0.0,0.1111111111111111,0.5139504671096802,0.4225265085697174
72,SYS_B,0.23529411764705885,0.0,0.23529411764705885,0.5062040090560913,0.4690938889980316
73,SYS_B,0.3157894736842105,0.11764705882352941,0.3157894736842105,0.6022366881370544,0.39383578300476074
74,SYS_B,0.08695652173913043,0.0,0.08695652173913043,0.5036187171936035,0.3951553702354431
75,SYS_B,0.3333333333333333,0.25000000000000006,0.3333333333333333,0.6540274620056152,0.18615268170833588
76,SYS_B,0.42857142857142855,0.0,0.42857142857142855,0.6618647575378418,0.4829115867614746
77,SYS_B,0.2105263157894737,0.0,0.2105263157894737,0.4485985338687897,0.5399923324584961
78,SYS_B,0.28571428571428575,0.0,0.28571428571428575,0.6573498845100403,0.7581284046173096
79,SYS_B,0.5,0.0,0.5,0.79850834608078,0.8268601894378662
80,SYS_B,0.375,0.0,0.25,0.6323327422142029,0.518195629119873
81,SYS_B,0.11764705882352941,0.0,0.11764705882352941,0.5080043077468872,0.44474712014198303
82,SYS_B,0.23529411764705882,0.0,0.11764705882352941,0.5226809978485107,0.48870083689689636
83,SYS_B,0.125,0.0,0.125,0.41406822204589844,0.4650160074234009
84,SYS_B,0.2,0.0,0.2,0.5111693143844604,0.5993020534515381
85,SYS_B,0.14285714285714288,0.0,0.14285714285714288,0.4686771631240845,0.3419681787490845
86,SYS_B,0.09090909090909093,0.0,0.09090909090909093,0.5364571213722229,0.415591299533844
87,SYS_B,0.6086956521739131,0.2857142857142857,0.5217391304347826,0.7773547768592834,0.8250131607055664
88,SYS_B,0.4210526315789474,0.23529411764705882,0.4210526315789474,0.7187818884849548,0.9100878834724426
89,SYS_B,0.47619047619047616,0.2105263157894737,0.380952380952381,0.629652738571167,0.5126123428344727
90,SYS_B,0.0,0.0,0.0,0.4743785858154297,0.17770501971244812
91,SYS_B,0.3157894736842105,0.11764705882352941,0.2105263157894737,0.6138692498207092,0.7665325403213501
92,SYS_B,0.631578947368421,0.5555555555555556,0.631578947368421,0.7841809988021851,0.47164836525917053
93,SYS_B,0.25,0.14285714285714285,0.25,0.596294641494751,0.3971967101097107
94,SYS_B,0.25,0.14285714285714288,0.25,0.5152232646942139,0.46310850977897644
95,SYS_B,0.5333333333333333,0.3076923076923077,0.5333333333333333,0.667802631855011,0.7292771339416504
96,SYS_B,0.5333333333333333,0.3076923076923077,0.5333333333333333,0.7080466151237488,0.6456567645072937
97,SYS_B,0.23529411764705882,0.13333333333333333,0.23529411764705882,0.5453556180000305,0.46735185384750366
98,SYS_B,0.4615384615384615,0.3636363636363636,0.4615384615384615,0.6039751172065735,0.8530633449554443
99,SYS_B,0.3076923076923077,0.08333333333333333,0.15384615384615385,0.5800009965896606,0.8465986847877502
100,SYS_B,0.0,0.0,0.0,0.4329688251018524,0.14687950909137726
101,SYS_B,0.29629629629629634,0.08,0.22222222222222224,0.6816499829292297,0.5190014839172363
102,SYS_B,0.3846153846153846,0.16666666666666666,0.30769230769230765,0.6772814393043518,0.7885509133338928
103,SYS_B,0.8235294117647058,0.7499999999999999,0.8235294117647058,0.8811649084091187,0.6478329300880432
104,SYS_B,0.5,0.33333333333333337,0.5,0.6910126209259033,0.7057090401649475
105,SYS_B,0.6666666666666666,0.12500000000000003,0.6666666666666666,0.7322112321853638,0.6608410477638245
106,SYS_B,0.09090909090909091,0.0,0.09090909090909091,0.5348361134529114,0.20596563816070557
107,SYS_B,0.17391304347826086,0.0,0.17391304347826086,0.6251696944236755,0.5808008909225464
108,SYS_B,0.16666666666666666,0.09090909090909091,0.16666666666666666,0.4442861080169678,0.18585637211799622
109,SYS_B,0.4,0.3333333333333333,0.4,0.6722221970558167,0.40832382440567017
110,SYS_B,0.3157894736842105,0.0,0.2105263157894737,0.48424503207206726,0.39925509691238403
111,SYS_B,0.4799999999999999,0.08695652173913043,0.32,0.7438697814941406,0.6611297726631165
112,SYS_B,0.39999999999999997,0.26086956521739135,0.24000000000000005,0.7028020620346069,0.6843574047088623
113,SYS_B,0.14285714285714288,0.0,0.14285714285714288,0.4141266942024231,0.48415616154670715
114,SYS_B,0.23529411764705882,0.0,0.11764705882352941,0.5510885119438171,0.638564944267273
115,SYS_B,0.5833333333333334,0.36363636363636365,0.25,0.7394203543663025,0.8021346926689148
116,SYS_B,0.5263157894736842,0.23529411764705885,0.3157894736842105,0.6130881309509277,0.7263652086257935
117,SYS_B,0.3333333333333333,0.0,0.25,0.6480249762535095,0.5247542858123779
118,SYS_B,0.27272727272727276,0.0,0.18181818181818185,0.622349202632904,0.6743114590644836
119,SYS_B,0.13333333333333333,0.0,0.13333333333333333,0.5608828067779541,0.6166361570358276
120,SYS_B,0.43749999999999994,0.13333333333333333,0.37499999999999994,0.7486965656280518,0.8132261037826538
121,SYS_B,0.30769230769230765,0.18181818181818182,0.30769230769230765,0.6355878114700317,0.8001867532730103
122,SYS_B,0.1,0.0,0.1,0.5987321734428406,0.49796509742736816
123,SYS_B,0.25000000000000006,0.14285714285714288,0.25000000000000006,0.5354595184326172,0.4855983555316925
124,SYS_B,0.1111111111111111,0.0,0.1111111111111111,0.39161360263824463,0.3575226068496704
125,SYS_B,0.4545454545454545,0.3,0.4545454545454545,0.7439889907836914,0.7164793014526367
126,SYS_B,0.3529411764705882,0.0,0.23529411764705882,0.6187934279441833,0.6005241274833679
127,SYS_B,0.42105263157894735,0.11764705882352941,0.3157894736842105,0.6138644218444824,0.6570301055908203
128,SYS_B,0.0,0.0,0.0,0.5773525834083557,0.5798593163490295
129,SYS_B,0.6666666666666665,0.25,0.6666666666666665,0.767187237739563,0.9077814221382141
130,SYS_B,0.3703703703703703,0.16,0.3703703703703703,0.5655060410499573,0.6084432005882263
131,SYS_B,0.631578947368421,0.11764705882352942,0.4210526315789474,0.6868566274642944,0.7728614807128906
132,SYS_B,0.0,0.0,0.0,0.5388511419296265,0.48703616857528687
133,SYS_B,0.6363636363636364,0.4,0.36363636363636365,0.7637714743614197,0.8926515579223633
134,SYS_B,0.380952380952381,0.10526315789473685,0.28571428571428564,0.5469821691513062,0.6371917724609375
135,SYS_B,0.6153846153846154,0.36363636363636365,0.6153846153846154,0.6188810467720032,0.8373359441757202
136,SYS_B,0.761904761904762,0.5263157894736842,0.761904761904762,0.8569870591163635,0.9225085973739624
137,SYS_B,0.2857142857142857,0.16666666666666666,0.2857142857142857,0.6036536693572998,0.5544663667678833
138,SYS_B,0.3111111111111111,0.27906976744186046,0.3111111111111111,0.6738512516021729,0.544130802154541
139,SYS_B,0.10526315789473685,0.0,0.10526315789473685,0.4997060298919678,0.4125384986400604
140,SYS_B,0.0,0.0,0.0,0.45801299810409546,0.20599383115768433
141,SYS_B,0.2105263157894737,0.0,0.2105263157894737,0.5948208570480347,0.5890993475914001
142,SYS_B,0.30769230769230765,0.1818181818181818,0.30769230769230765,0.6020452976226807,0.5969976186752319
143,SYS_B,0.8823529411764706,0.6875000000000001,0.8823529411764706,0.8740226030349731,0.9248204827308655
144,SYS_B,0.5333333333333333,0.15384615384615383,0.26666666666666666,0.6627704501152039,0.6885292530059814
145,SYS_B,0.12500000000000003,0.0,0.12500000000000003,0.45377105474472046,0.49988797307014465
146,SYS_B,0.4347826086956522,0.09523809523809525,0.34782608695652173,0.771652340888977,0.7116566896438599
147,SYS_B,0.6363636363636364,0.5,0.4545454545454546,0.8704938888549805,0.8790342807769775
148,SYS_B,0.7499999999999999,0.6666666666666666,0.7499999999999999,0.7857937216758728,0.815738320350647
149,SYS_B,0.5263157894736842,0.35294117647058826,0.4210526315789474,0.6368441581726074,0.6683210134506226
150,SYS_B,0.17391304347826086,0.09523809523809522,0.17391304347826086,0.5763590335845947,0.6983886361122131
151,SYS_B,0.45454545454545453,0.3,0.2727272727272727,0.6204593777656555,0.7699860334396362
152,SYS_B,0.1,0.0,0.1,0.5196794271469116,0.6304781436920166
153,SYS_B,0.4210526315789473,0.23529411764705882,0.3157894736842105,0.6054890155792236,0.7250881195068359
154,SYS_B,1.0,1.0,1.0,0.9684141874313354,0.9848417043685913
155,SYS_B,0.5833333333333334,0.2727272727272727,0.5,0.6980328559875488,0.5069049000740051
156,SYS_B,0.2857142857142857,0.0,0.2857142857142857,0.5045104026794434,0.31569230556488037
157,SYS_B,0.4615384615384615,0.16666666666666669,0.30769230769230765,0.6206527948379517,0.6491730213165283
158,SYS_B,0.13333333333333333,0.0,0.13333333333333333,0.49156051874160767,0.0718604177236557
159,SYS_B,0.2,0.0,0.1,0.5926743745803833,0.7096292972564697
160,SYS_B,0.09999999999999999,0.0,0.09999999999999999,0.6182261109352112,0.5284253358840942
161,SYS_B,0.56,0.4347826086956522,0.4799999999999999,0.732454240322113,0.6405007839202881
162,SYS_B,0.23529411764705882,0.0,0.23529411764705882,0.4759916067123413,0.46666914224624634
163,SYS_B,0.23529411764705882,0.13333333333333333,0.23529411764705882,0.5015437602996826,0.6573185920715332
164,SYS_B,0.27272727272727276,0.0,0.18181818181818185,0.5676710605621338,0.5812965631484985
165,SYS_B,0.08333333333333333,0.0,0.08333333333333333,0.687058687210083,0.7544366717338562
166,SYS_B,0.72,0.6956521739130436,0.72,0.8587281107902527,0.891573429107666
167,SYS_B,0.14285714285714285,0.0,0.14285714285714285,0.4923016428947449,0.5933792591094971
168,SYS_B,0.6086956521739131,0.380952380952381,0.6086956521739131,0.793655276298523,0.8558535575866699
169,SYS_B,0.3333333333333333,0.125,0.2222222222222222,0.6286629438400269,0.33883893489837646
170,SYS_B,0.09523809523809525,0.0,0.09523809523809525,0.5179293751716614,0.2938922047615051
171,SYS_B,0.35294117647058826,0.26666666666666666,0.35294117647058826,0.6775500774383545,0.640933096408844
172,SYS_B,0.2857142857142857,0.10526315789473685,0.2857142857142857,0.6504107713699341,0.44812625646591187
173,SYS_B,0.5217391304347826,0.0,0.34782608695652173,0.6907732486724854,0.7434317469596863
174,SYS_B,0.1111111111111111,0.0,0.1111111111111111,0.6051638126373291,0.6854190826416016
175,SYS_B,0.28571428571428575,0.16666666666666669,0.28571428571428575,0.665379524230957,0.6435593366622925
176,SYS_B,0.29411764705882354,0.1875,0.29411764705882354,0.6055096983909607,0.6490517854690552
177,SYS_B,0.32,0.0,0.16,0.6322965025901794,0.7380087375640869
178,SYS_B,0.11111111111111112,0.0,0.11111111111111112,0.5955726504325867,0.5293102264404297
179,SYS_B,0.8,0.7777777777777778,0.8,0.8036252856254578,0.8921689987182617
180,SYS_B,0.5833333333333334,0.3636363636363637,0.5833333333333334,0.7752881646156311,0.6811473965644836
181,SYS_B,0.14285714285714288,0.0,0.14285714285714288,0.6848704814910889,0.6765997409820557
182,SYS_B,0.45454545454545453,0.19999999999999998,0.45454545454545453,0.763226330280304,0.7881604433059692
183,SYS_B,0.22222222222222224,0.0,0.14814814814814817,0.5649488568305969,0.40922343730926514
184,SYS_B,0.4799999999999999,0.17391304347826086,0.4,0.7694534659385681,0.9016233682632446
185,SYS_B,0.4,0.1111111111111111,0.4,0.6087028980255127,0.7399008274078369
186,SYS_B,0.6666666666666666,0.5000000000000001,0.6666666666666666,0.7306785583496094,0.6986749172210693
187,SYS_B,0.0,0.0,0.0,0.4240829348564148,0.16565468907356262
188,SYS_B,0.875,0.14285714285714285,0.625,0.8576658964157104,0.828797459602356
189,SYS_B,0.4,0.0,0.2,0.5222352147102356,0.5648081302642822
190,SYS_B,0.41666666666666663,0.09090909090909093,0.3333333333333333,0.6551278233528137,0.75206458568573
191,SYS_B,0.3157894736842105,0.0,0.21052631578947367,0.5956922769546509,0.7023220062255859
192,SYS_B,0.375,0.14285714285714288,0.25,0.6951465010643005,0.8861309885978699
193,SYS_B,0.3157894736842105,0.11764705882352941,0.3157894736842105,0.5445066690444946,0.6606540083885193
194,SYS_B,1.0,1.0,1.0,0.9823229312896729,0.9875038862228394
195,SYS_B,0.10526315789473685,0.0,0.10526315789473685,0.4499681293964386,0.4120936691761017
196,SYS_B,0.37499999999999994,0.28571428571428575,0.37499999999999994,0.6968954205513,0.8125094175338745
197,SYS_B,0.5217391304347827,0.38095238095238093,0.5217391304347827,0.7001703381538391,0.8109980821609497
198,SYS_B,0.11764705882352942,0.0,0.11764705882352942,0.4696257412433624,0.22229796648025513
199,SYS_B,0.5882352941176471,0.13333333333333333,0.23529411764705882,0.5951316952705383,0.6609002351760864
200,SYS_B,0.2222222222222222,0.0,0.2222222222222222,0.4922644793987274,0.3002849221229553
201,SYS_B,0.23529411764705882,0.0,0.23529411764705882,0.6086498498916626,0.4997560679912567
202,SYS_B,0.6,0.4444444444444445,0.5,0.6781546473503113,0.836384654045105
203,SYS_B,0.47058823529411764,0.26666666666666666,0.47058823529411764,0.7527647018432617,0.8107154965400696
204,SYS_B,0.26666666666666666,0.0,0.26666666666666666,0.5345778465270996,0.4035739302635193
205,SYS_B,0.33333333333333337,0.0,0.16666666666666669,0.6069219708442688,0.7313253283500671
206,SYS_B,0.47058823529411764,0.13333333333333333,0.47058823529411764,0.6265015602111816,0.8096725344657898
207,SYS_B,0.5925925925925927,0.32,0.5925925925925927,0.7861698269844055,0.8958311676979065
208,SYS_B,0.33333333333333337,0.25,0.33333333333333337,0.4852639138698578,0.4942890405654907
209,SYS_B,0.4444444444444444,0.25,0.4444444444444444,0.6749228239059448,0.8186829090118408
210,SYS_B,0.5833333333333334,0.3636363636363637,0.5833333333333334,0.7416486740112305,0.7459298968315125
211,SYS_B,0.5384615384615384,0.16666666666666669,0.3846153846153846,0.6672423481941223,0.633857250213623
212,SYS_B,0.7368421052631579,0.47058823529411764,0.7368421052631579,0.8142646551132202,0.7774275541305542
213,SYS_B,0.28571428571428575,0.10526315789473685,0.28571428571428575,0.6365233063697815,0.6716436147689819
214,SYS_B,0.3529411764705882,0.0,0.3529411764705882,0.6329542398452759,0.4922487437725067
215,SYS_B,0.3333333333333333,0.25,0.3333333333333333,0.5736410617828369,0.6771494150161743
216,SYS_B,0.36363636363636365,0.1,0.2727272727272727,0.5739883780479431,0.5925481915473938
217,SYS_B,0.3,0.2222222222222222,0.3,0.6827273964881897,0.5886999368667603
218,SYS_B,0.11111111111111112,0.0,0.11111111111111112,0.49716877937316895,0.18511703610420227
219,SYS_B,0.14285714285714288,0.07692307692307691,0.14285714285714288,0.5449686050415039,0.6028823852539062
220,SYS_B,0.3333333333333333,0.0,0.3333333333333333,0.5792711973190308,0.6355301141738892
221,SYS_B,0.11111111111111112,0.0,0.11111111111111112,0.6475268602371216,0.6035960912704468
222,SYS_B,0.5,0.2,0.5,0.7332024574279785,0.873335599899292
223,SYS_B,0.3333333333333333,0.21428571428571427,0.26666666666666666,0.6152883768081665,0.691026508808136
224,SYS_B,0.3529411764705882,0.0,0.3529411764705882,0.5896217823028564,0.699566662311554
225,SYS_B,0.08695652173913043,0.0,0.08695652173913043,0.46783021092414856,0.33000683784484863
226,SYS_B,0.10526315789473685,0.0,0.10526315789473685,0.6024910807609558,0.25929415225982666
227,SYS_B,0.08,0.0,0.08,0.4579916298389435,0.31419920921325684
228,SYS_B,0.5833333333333334,0.18181818181818182,0.33333333333333337,0.642307698726654,0.81181401014328
229,SYS_B,0.4444444444444444,0.375,0.4444444444444444,0.5584040880203247,0.5104485750198364
230,SYS_B,0.4210526315789474,0.11764705882352941,0.3157894736842105,0.613663911819458,0.48642802238464355
231,SYS_B,0.11764705882352941,0.0,0.11764705882352941,0.5103053450584412,0.4604950249195099
232,SYS_B,0.2222222222222222,0.16,0.2222222222222222,0.5985751748085022,0.4216151833534241
233,SYS_B,0.6428571428571429,0.3846153846153846,0.6428571428571429,0.7816206812858582,0.7598010301589966
234,SYS_B,0.25,0.14285714285714288,0.25,0.6806504726409912,0.7661079168319702
235,SYS_B,0.4000000000000001,0.25,0.4000000000000001,0.5118779540061951,0.6149473190307617
236,SYS_B,0.5,0.14285714285714285,0.37499999999999994,0.7343034148216248,0.7816027402877808
237,SYS_B,0.0,0.0,0.0,0.38249120116233826,0.13298004865646362
238,SYS_B,0.6666666666666665,0.37499999999999994,0.5555555555555556,0.6950968503952026,0.4805750250816345
239,SYS_B,0.25,0.0,0.25,0.5799999237060547,0.6643045544624329
240,SYS_B,0.10000000000000002,0.0,0.10000000000000002,0.5871709585189819,0.48951494693756104
241,SYS_B,0.33333333333333337,0.1818181818181818,0.33333333333333337,0.7034497261047363,0.7679082751274109
242,SYS_B,0.10526315789473682,0.0,0.10526315789473682,0.47962039709091187,0.4340721070766449
243,SYS_B,0.33333333333333337,0.125,0.2222222222222222,0.6571868062019348,0.6691464185714722
244,SYS_B,0.13333333333333336,0.0,0.13333333333333336,0.49223583936691284,0.5420049428939819
245,SYS_B,0.625,0.4285714285714285,0.625,0.7708484530448914,0.7328483462333679
246,SYS_B,0.3,0.2222222222222222,0.3,0.6036200523376465,0.6061234474182129
247,SYS_B,0.41666666666666663,0.18181818181818185,0.41666666666666663,0.5735519528388977,0.6384406089782715
248,SYS_B,0.24242424242424243,0.0,0.18181818181818182,0.5551550388336182,0.49157455563545227
249,SYS_B,0.4799999999999999,0.17391304347826086,0.4,0.6820768117904663,0.8363844156265259
250,SYS_B,0.3333333333333333,0.0,0.16666666666666666,0.4902026057243347,0.6602498292922974
251,SYS_B,0.2727272727272727,0.19999999999999998,0.2727272727272727,0.517716646194458,0.7637999653816223
252,SYS_B,0.37499999999999994,0.14285714285714288,0.37499999999999994,0.654105007648468,0.7178528904914856
253,SYS_B,0.5333333333333333,0.4615384615384615,0.5333333333333333,0.71083003282547,0.7000484466552734
254,SYS_B,0.28571428571428564,0.10526315789473685,0.28571428571428564,0.6164703369140625,0.49933958053588867
255,SYS_B,0.36363636363636365,0.0,0.36363636363636365,0.6708215475082397,0.4878055453300476
256,SYS_B,0.2,0.0,0.2,0.5153242349624634,0.2877086400985718
257,SYS_B,0.26666666666666666,0.15384615384615385,0.26666666666666666,0.5972162485122681,0.50303053855896
258,SYS_B,0.4,0.2608695652173913,0.4,0.5764130353927612,0.78078293800354
259,SYS_B,0.5263157894736842,0.11764705882352941,0.3157894736842105,0.6212866306304932,0.7344866991043091
260,SYS_B,0.28571428571428575,0.10526315789473682,0.28571428571428575,0.5620859861373901,0.474429726600647
261,SYS_B,0.2222222222222222,0.125,0.2222222222222222,0.5874653458595276,0.6931524276733398
262,SYS_B,0.25000000000000006,0.0,0.25000000000000006,0.5103973746299744,0.6218549013137817
263,SYS_B,0.375,0.0,0.25,0.682009756565094,0.8070828914642334
264,SYS_B,0.7142857142857143,0.6666666666666666,0.7142857142857143,0.7279755473136902,0.8617522716522217
265,SYS_B,0.6250000000000001,0.5714285714285715,0.6250000000000001,0.825268566608429,0.8592864274978638
266,SYS_B,0.43478260869565216,0.09523809523809525,0.2608695652173913,0.5733159184455872,0.6824136972427368
267,SYS_B,0.4615384615384615,0.33333333333333337,0.4615384615384615,0.7184603810310364,0.8156097531318665
268,SYS_B,0.23529411764705882,0.0,0.11764705882352941,0.625072181224823,0.5612781643867493
269,SYS_B,0.13333333333333333,0.0,0.06666666666666667,0.646630585193634,0.3692290782928467
270,SYS_B,0.4705882352941177,0.13333333333333333,0.23529411764705885,0.6652349233627319,0.7827277183532715
271,SYS_B,0.4444444444444444,0.37499999999999994,0.4444444444444444,0.6913093328475952,0.716396152973175
272,SYS_B,0.9565217391304348,0.8571428571428572,0.9565217391304348,0.9798242449760437,0.9339475631713867
273,SYS_B,0.4444444444444444,0.0,0.2222222222222222,0.6852739453315735,0.802428662776947
274,SYS_B,0.7499999999999999,0.2857142857142857,0.5,0.7085736393928528,0.8593130707740784
275,SYS_B,0.4545454545454545,0.4,0.4545454545454545,0.5154256820678711,0.399644136428833
276,SYS_B,0.2285714285714286,0.0,0.1142857142857143,0.5704843997955322,0.38623368740081787
277,SYS_B,1.0,1.0,1.0,1.0,1.0
278,SYS_B,0.1111111111111111,0.0,0.1111111111111111,0.561682939529419,0.6235275268554688
279,SYS_B,0.6956521739130435,0.5714285714285714,0.6956521739130435,0.5936886668205261,0.6473838090896606
280,SYS_B,1.0,1.0,1.0,1.0,1.0000001192092896
281,SYS_B,0.3157894736842105,0.11764705882352941,0.3157894736842105,0.6778600215911865,0.5958080291748047
282,SYS_B,0.28571428571428575,0.0,0.1904761904761905,0.5711138248443604,0.31073957681655884
283,SYS_B,0.5714285714285715,0.3333333333333333,0.5714285714285715,0.7217034697532654,0.8902882933616638
284,SYS_B,0.6086956521739131,0.28571428571428564,0.6086956521739131,0.7454086542129517,0.6477910280227661
285,SYS_B,0.4210526315789474,0.23529411764705882,0.3157894736842105,0.7416164875030518,0.7714942097663879
286,SYS_B,0.1111111111111111,0.0,0.1111111111111111,0.6281137466430664,0.6320980787277222
287,SYS_B,0.13333333333333333,0.0,0.13333333333333333,0.4973873794078827,0.39018210768699646
288,SYS_B,1.0,1.0,1.0,0.9779966473579407,0.9394096732139587
289,SYS_B,0.22222222222222224,0.0,0.14814814814814814,0.6385013461112976,0.43929338455200195
290,SYS_B,0.33333333333333337,0.0,0.33333333333333337,0.6064838767051697,0.5949990749359131
291,SYS_B,0.6666666666666666,0.125,0.3333333333333333,0.6996904611587524,0.8124468326568604
292,SYS_B,0.2105263157894737,0.11764705882352941,0.2105263157894737,0.5574079155921936,0.6439017057418823
293,SYS_B,0.19047619047619047,0.0,0.09523809523809523,0.5482136011123657,0.13011232018470764
294,SYS_B,0.23529411764705882,0.0,0.23529411764705882,0.4486125409603119,0.5584337711334229
295,SYS_B,0.3846153846153846,0.16666666666666666,0.30769230769230765,0.599056601524353,0.7688711881637573
296,SYS_B,0.3529411764705882,0.0,0.23529411764705885,0.6265888214111328,0.4381507635116577
297,SYS_B,0.6666666666666665,0.6250000000000001,0.6666666666666665,0.7632970213890076,0.7314959764480591
298,SYS_B,0.4166666666666667,0.0,0.25,0.6491447687149048,0.8107351064682007
299,SYS_B,0.5217391304347826,0.28571428571428564,0.34782608695652173,0.7396568059921265,0.9063763618469238
300,SYS_B,0.5,0.4,0.5,0.6157063245773315,0.8580095767974854
301,SYS_B,0.4545454545454546,0.1,0.3636363636363637,0.6445603966712952,0.6920076608657837
302,SYS_B,0.8333333333333333,0.7272727272727272,0.8333333333333333,0.9029476046562195,0.9178553223609924
303,SYS_B,0.14285714285714288,0.0,0.14285714285714288,0.459394633769989,0.5804317593574524
304,SYS_B,0.25,0.0,0.25,0.5679891705513,0.4101591408252716
305,SYS_B,0.28571428571428575,0.10526315789473685,0.28571428571428575,0.6163282990455627,0.7049996852874756
306,SYS_B,0.8,0.6086956521739131,0.8,0.9487101435661316,0.9888646602630615
307,SYS_B,0.5,0.2,0.5,0.6989889144897461,0.5827422142028809
308,SYS_B,0.34782608695652173,0.09523809523809525,0.17391304347826086,0.614631712436676,0.7974569797515869
309,SYS_B,0.7368421052631577,0.47058823529411764,0.631578947368421,0.7557641267776489,0.9078279137611389
310,SYS_B,0.11764705882352941,0.0,0.11764705882352941,0.45854032039642334,0.4494163393974304
311,SYS_B,0.3,0.0,0.3,0.6284502744674683,0.7510694861412048
312,SYS_B,0.33333333333333326,0.25,0.33333333333333326,0.6884252429008484,0.6310728192329407
313,SYS_B,0.2608695652173913,0.09523809523809525,0.2608695652173913,0.5267572999000549,0.6106331944465637
314,SYS_B,0.5333333333333333,0.15384615384615383,0.26666666666666666,0.6433932781219482,0.7562814950942993
315,SYS_B,0.17391304347826086,0.0,0.17391304347826086,0.5345881581306458,0.29163792729377747
316,SYS_B,0.4615384615384615,0.18181818181818182,0.3076923076923077,0.5422465801239014,0.6238952875137329
317,SYS_B,0.17391304347826086,0.09523809523809525,0.17391304347826086,0.5598801970481873,0.5736129283905029
318,SYS_B,1.0,1.0,1.0,1.0,1.0000001192092896
319,SYS_B,0.380952380952381,0.2105263157894737,0.28571428571428575,0.649356484413147,0.709785521030426
320,SYS_B,0.4285714285714285,0.3333333333333333,0.4285714285714285,0.6430937647819519,0.6125582456588745
321,SYS_B,0.2222222222222222,0.0,0.2222222222222222,0.5881738066673279,0.4860057830810547
322,SYS_B,0.3157894736842105,0.11764705882352941,0.3157894736842105,0.6487902402877808,0.7141115665435791
323,SYS_B,0.3636363636363636,0.09999999999999999,0.2727272727272727,0.6476038098335266,0.6486566066741943
324,SYS_B,0.16666666666666666,0.0,0.16666666666666666,0.63081294298172,0.627435028553009
325,SYS_B,0.0,0.0,0.0,0.4918040335178375,0.2895078659057617
326,SYS_B,0.3529411764705882,0.26666666666666666,0.3529411764705882,0.6085028648376465,0.6191713809967041
327,SYS_B,0.0,0.0,0.0,0.4355795681476593,0.1691991090774536
328,SYS_B,0.625,0.28571428571428575,0.625,0.7309544086456299,0.7695479393005371
329,SYS_B,0.6,0.22222222222222224,0.3,0.7472378611564636,0.6920467019081116
330,SYS_B,0.6666666666666666,0.4,0.6666666666666666,0.719900369644165,0.7858078479766846
331,SYS_B,0.36363636363636365,0.0,0.36363636363636365,0.6772204041481018,0.34747743606567383
332,SYS_B,0.24999999999999994,0.0909090909090909,0.24999999999999994,0.6215075850486755,0.6671187281608582
333,SYS_B,0.0,0.0,0.0,0.4673931896686554,0.3796069025993347
334,SYS_B,0.3529411764705882,0.13333333333333333,0.23529411764705882,0.6127699017524719,0.5754328966140747
335,SYS_B,0.6153846153846153,0.5454545454545454,0.6153846153846153,0.804979145526886,0.7901137471199036
336,SYS_B,0.4705882352941177,0.26666666666666666,0.4705882352941177,0.8079344630241394,0.8294762372970581
337,SYS_B,0.7000000000000001,0.4444444444444444,0.6,0.8083698749542236,0.9159858226776123
338,SYS_B,0.35294117647058826,0.0,0.23529411764705882,0.5748772025108337,0.5808097124099731
339,SYS_B,0.4000000000000001,0.2222222222222222,0.4000000000000001,0.7476978898048401,0.7548332810401917
340,SYS_B,0.375,0.2857142857142857,0.375,0.5435452461242676,0.8813487887382507
341,SYS_B,0.09523809523809525,0.0,0.09523809523809525,0.5833561420440674,0.30788159370422363
342,SYS_B,0.34782608695652173,0.0,0.17391304347826086,0.5657055377960205,0.5722289085388184
343,SYS_B,0.32,0.1739130434782609,0.32,0.6582381725311279,0.7042040824890137
344,SYS_B,0.45454545454545453,0.2,0.2727272727272727,0.65582275390625,0.7116551399230957
345,SYS_B,0.5454545454545454,0.22222222222222224,0.5454545454545454,0.7844513654708862,0.6140213012695312
346,SYS_B,0.4,0.15384615384615383,0.26666666666666666,0.6283875703811646,0.46948522329330444
347,SYS_B,0.16666666666666669,0.0,0.16666666666666669,0.5313847661018372,0.48830869793891907
348,SYS_B,0.4,0.25,0.4,0.608664333820343,0.7695635557174683
349,SYS_B,0.18181818181818182,0.0,0.12121212121212122,0.5554874539375305,0.6310174465179443
350,SYS_B,0.4210526315789474,0.23529411764705885,0.4210526315789474,0.6540037393569946,0.8235666155815125
351,SYS_B,0.12500000000000003,0.0,0.12500000000000003,0.5124566555023193,0.36196374893188477
352,SYS_B,0.5599999999999999,0.34782608695652173,0.5599999999999999,0.6833872199058533,0.6601541042327881
353,SYS_B,0.32,0.17391304347826086,0.24,0.6447305083274841,0.6119849681854248
354,SYS_B,0.4444444444444445,0.25,0.4444444444444445,0.6344756484031677,0.5654915571212769
355,SYS_B,0.25,0.14285714285714288,0.25,0.6603759527206421,0.6759088635444641
356,SYS_B,0.5263157894736842,0.23529411764705882,0.4210526315789474,0.7315389513969421,0.7236399054527283
357,SYS_B,0.1818181818181818,0.0,0.1818181818181818,0.4989766776561737,0.5187363624572754
358,SYS_B,0.4999999999999999,0.3636363636363636,0.41666666666666663,0.7863895297050476,0.8128907680511475
359,SYS_B,0.5217391304347826,0.1904761904761905,0.34782608695652173,0.6358352303504944,0.7419822216033936
360,SYS_B,0.3529411764705882,0.0,0.3529411764705882,0.6114605665206909,0.5905033349990845
361,SYS_B,0.5,0.27272727272727276,0.3333333333333333,0.6545040607452393,0.9094839096069336
362,SYS_B,0.36363636363636365,0.1,0.2727272727272727,0.6716122627258301,0.7242462635040283
363,SYS_B,0.15384615384615383,0.0,0.15384615384615383,0.5129849314689636,0.4659881889820099
364,SYS_B,0.25,0.14285714285714288,0.25,0.6312006115913391,0.6105275750160217
365,SYS_B,0.25,0.0,0.25,0.5533276796340942,0.7023175954818726
366,SYS_B,0.6363636363636365,0.3,0.45454545454545453,0.7459449768066406,0.7564531564712524
367,SYS_B,0.3,0.0,0.2,0.651121199131012,0.6157013177871704
368,SYS_B,0.4166666666666667,0.2727272727272727,0.3333333333333333,0.6381872296333313,0.7307791709899902
369,SYS_B,0.4,0.15384615384615385,0.4,0.6309872269630432,0.8083010315895081
370,SYS_B,0.16666666666666666,0.0,0.16666666666666666,0.6052903532981873,0.5999599695205688
371,SYS_B,0.48000000000000004,0.17391304347826086,0.24000000000000002,0.6111432909965515,0.7988580465316772
372,SYS_B,0.11764705882352941,0.0,0.11764705882352941,0.5149037837982178,0.5117748975753784
373,SYS_B,0.5,0.09090909090909091,0.3333333333333333,0.7448935508728027,0.8569557070732117
374,SYS_B,0.4799999999999999,0.17391304347826086,0.32,0.6499937176704407,0.6938958764076233
375,SYS_B,0.0,0.0,0.0,0.42158830165863037,0.1603221595287323
376,SYS_B,0.4615384615384615,0.1818181818181818,0.4615384615384615,0.5844564437866211,0.5528987050056458
377,SYS_B,0.64,0.34782608695652173,0.5599999999999999,0.744835376739502,0.8562374711036682
378,SYS_B,0.7407407407407407,0.56,0.7407407407407407,0.8508489727973938,0.8860151767730713
379,SYS_B,0.2608695652173913,0.0,0.2608695652173913,0.5958418250083923,0.500422477722168
380,SYS_B,0.4347826086956522,0.09523809523809525,0.2608695652173913,0.5923861861228943,0.5728856921195984
381,SYS_B,0.1,0.0,0.1,0.4274842441082001,0.15187214314937592
382,SYS_B,0.15384615384615385,0.0,0.15384615384615385,0.5591375231742859,0.46315711736679077
383,SYS_B,0.5833333333333334,0.27272727272727276,0.5833333333333334,0.7931960821151733,0.7625527381896973
384,SYS_B,0.2608695652173913,0.09523809523809525,0.17391304347826086,0.5547991394996643,0.492803692817688
385,SYS_B,0.28571428571428564,0.10526315789473685,0.28571428571428564,0.6061065196990967,0.5738400220870972
386,SYS_B,0.6666666666666666,0.3529411764705882,0.4444444444444444,0.653385579586029,0.8146905899047852
387,SYS_B,0.20000000000000004,0.1111111111111111,0.20000000000000004,0.618610143661499,0.43506693840026855
388,SYS_B,0.43478260869565216,0.0,0.34782608695652173,0.6284078359603882,0.6349045038223267
389,SYS_B,0.4444444444444445,0.125,0.33333333333333326,0.7210937738418579,0.6737174987792969
390,SYS_B,0.2105263157894737,0.0,0.10526315789473685,0.6422474980354309,0.5546908378601074
391,SYS_B,0.8333333333333334,0.7272727272727273,0.5833333333333334,0.8959008455276489,0.9750655293464661
392,SYS_B,0.08695652173913043,0.0,0.08695652173913043,0.5555947422981262,0.48098719120025635
393,SYS_B,0.35714285714285715,0.0,0.35714285714285715,0.6193970441818237,0.6267197728157043
394,SYS_B,0.375,0.28571428571428575,0.375,0.6546556353569031,0.7726151347160339
395,SYS_B,0.125,0.0,0.125,0.5866965055465698,0.6614400744438171
396,SYS_B,0.9473684210526316,0.823529411764706,0.9473684210526316,0.9226451516151428,0.9251574873924255
397,SYS_B,0.28571428571428575,0.0,0.28571428571428575,0.5507065653800964,0.68426513671875
398,SYS_B,0.17391304347826086,0.0,0.17391304347826086,0.5877037048339844,0.4354839324951172
399,SYS_B,0.11764705882352942,0.0,0.11764705882352942,0.42556139826774597,0.1956656277179718
